{
  "project_info": {
    "project_number": "707212842387",
    "firebase_url": "https://goldscheme-290f4.firebaseio.com",
    "project_id": "goldscheme-290f4",
    "storage_bucket": "goldscheme-290f4.appspot.com"
  },
  "client": [
    {
      "client_info": {
        "mobilesdk_app_id": "1:707212842387:android:70afabc3271f5d74a30466",
        "android_client_info": {
          "package_name": "com.example.flutter_app"
        }
      },
      "oauth_client": [
        {
          "client_id": "707212842387-phcrllup7ivs9o8q8cv7698ag0rfqr1d.apps.googleusercontent.com",
          "client_type": 3
        }
      ],
      "api_key": [
        {
          "current_key": "AIzaSyBE_-Fqj6cy4Gldr38mhSaA95nsPaEzDoc"
        }
      ],
      "services": {
        "appinvite_service": {
          "other_platform_oauth_client": [
            {
              "client_id": "707212842387-phcrllup7ivs9o8q8cv7698ag0rfqr1d.apps.googleusercontent.com",
              "client_type": 3
            }
          ]
        }
      }
    },
    {
      "client_info": {
        "mobilesdk_app_id": "1:707212842387:android:33968dcbedbc5e9ca30466",
        "android_client_info": {
          "package_name": "com.techface.gold.scheme"
        }
      },
      "oauth_client": [
        {
          "client_id": "707212842387-phcrllup7ivs9o8q8cv7698ag0rfqr1d.apps.googleusercontent.com",
          "client_type": 3
        }
      ],
      "api_key": [
        {
          "current_key": "AIzaSyBE_-Fqj6cy4Gldr38mhSaA95nsPaEzDoc"
        }
      ],
      "services": {
        "appinvite_service": {
          "other_platform_oauth_client": [
            {
              "client_id": "707212842387-phcrllup7ivs9o8q8cv7698ag0rfqr1d.apps.googleusercontent.com",
              "client_type": 3
            }
          ]
        }
      }
    }
  ],
  "configuration_version": "1"
}